achievements,47000
acrobatics,489500
acrobatic,68400
automata,10100
birding,119000
birdingtiktok,14500
breakdancing,1300000
cakes,4000000
Cake,6800000
cakeideas,135500
cakesicles,92800
cakerecipes,10300
cakedecorations,479500
cakecake,11500
cakehacks,28000
cakedesigns,17400
cakeboss,1000000
cakecakecake,94200
cakelovers,11200
cakebusiness,57600
cakeasmr,1000000
cakesandwich,18900
cakemaking,39600
cakehouse,25000
cakedesign,80500
cupcake,10600
caligraphy,127300
calligraphy,1500000
calligraphy,1500000
calligraphybeginner,30800
calligraphywriting,113500
arabiccalligraphy,164600
calligraphytutorial,18300
moderncalligraphy,50500
calligraphymasters,20200
calligraphypractice,17100
chess,1100000
chesse,35300
chessgame,116000
chessmemes,32400
chessmoves,19100
cliffdiving,36800
climbing,906400
indoorclimbing,46200
climbingtiktok,130800
collectibles,588000
collecting,147700
collectingmemories,22100
puzzles,301400
Cosplay,4700000
cosplays,11900
cosplaychallenge,25000
cosplayoc,104900
cosplaytiktok,2600000
cosplaygirl,1100000
cosplaygirls,309400
cosplayindonesia,30400
cosplaysexy,87400
cosplaycomedy,189300
cosplayproblems,23600
cosplayers,1100000
girlscosplay,1200000
getcosplay,27100
cosplaycouple,329100
cosplayanime,452000
cosplaytok,930500
sexycosplay,456900
cosplaymakeup,1100000
animecosplay,166200
cosplaymaking,11800
makeupcosplay,22700
desert,1500000
deserts,40200
desertchallenge,50300
design,11100000
designs,274600
designideas,70200
designer,4099999
design_,13700
Graphicdesign,3100000
exterior_design,33300
designtutorial,30600
designgrafico,79000
designinteriores,15100
designinspiration,95000
exteriordesign,181900
shirtdesign,90500
textiledesign,25200
designprocess,16900
designgráfico,13000
designlife,30900
designbuild,52200
designlovers,35600
designchallenge,50300
productdesign,133600
surfacepatterndesign,17800
designg,92600
landscapedsign,1000000
designtudent,23200
dessert,8700000
desserttiktok,260600
desserts,225100
dessertideas,56100
dessertchallenge,27100
dessertrecipes,15300
dessertthailand,10600
dessertpom,23300
dessertshop,29200
dessertbaker,46300
dessertbox,78400
desserttable,122900
dessertlovers,16700
dessertmaking,15300
dessertgoals,44300
dessertboard,30300
dessertlover,104000
desserthack,79500
engineering,1800000
engineer,260800
engineeringstudents,436400
electricalengineering,169600
engineering_student,11800
engineeringstudent,20300
computerengineering,211300
engineeringmemes,146900
engineeringcollege,33100
engineeringschool,21400
engineeringlife,91900
engineeringhumor,13800
engineeringmindset,14300
farming,2800000
farmingsimulator,151900
freerunning,254800
garden,11300000
thegarden,26100
gardenideas,311900
indoorgarden,61100
Gardening,5200000
gardentiktok,69300
gardenvibes,36000
gardenprojects,199200
gardenProject,579900
gardenhouse,51700
thegardenband,10200
gardentractor,13200
gardentok,191800
gardeninspiration,90800
gardenwarfare,25000
gardenphotography,56500
gardentips,88900
thegravgarden,71300
gardenparty,21300
gardenhack,305700
gardenwitch,14900
gardenhacks,34400
gardenlife,165100
gardenmakeover,16300
gardener,215500
gardentransformation,32100
gardenhumor,13800
GraphicDesign,3100000
graphicdesigndaily,19700
graphicdesigns,24600
graphicdesigner,664600
graphicdesigntutorial,10200
graphicsdesign,39800
graphicdesigntips,42000
hydroponics,113600
hydroponicsystem,15400
InteriorDesign,7300000
interior_design,1300000
interiordesigner,875100
interiordesignideas,152600
interiordesigners,27600
designinterior,204800
interiordesigntips,44200
interiordesignlovers,11100
interiordesigninspiration,23100
interiordesigntiktok,35700
jiujitsu,1400000
jujitsu,24500
jiujitsu,115300
landscape,4200000
landscape_lovers,14900
landscapephotography,396100
landscapearchitecture,31500
landscaping,650500
landscapingdesign,18300
landscapingideas,12600
lathe,105200
lather,15100
machining,138000
machinelearning,213200
martialarts,1900000
martialart,11600
martialartsmovie,1100000
traditionalmartialarts,25600
martialartsmovies,11700
martialartist,41600
martialartsmotivation,37000
martialartslife,66100
muaythai,2200000
muay_thai,12700
mauythai,30200
muaithai,30800
muaythaigirls,32000
musclechallenge,32600
muscle,1900000
muscles,868400
musclecars,243500
musclecar,1000000
musclerelief,11900
musclemass,64000
musclemen,10100
musclegirls,12600
musclememory,15500
oddlysatisfying,2900000
odlysatisfying,61600
oddlfysatisfying,19300
oddlysatisfying,25000
Origami,513299
origamitutorial,67700
origamitiktok,19400
origamichallenge,19300
outdoor,4099999
outdoors,6100000
outdooractivities,2100000
outdoorvibes,34000
outdoorgames,163600
outdoorliving,262500
outdooradventures,201200
outdoortherapy,14500
outdoorsports,11800
outdoorlife,1000000
outdoorstyle,25800
outdoorgirl,113800
outdoorworkout,78500
outdooradventure,111400
outdoortiktoks,43200
outdoorseason,32500
outdoorfitness,28100
outdoorvoices,18700
outdoorcat,279000
parkour,1600000
parkourfamily,299100
parkourchallenge,15200
record,1000000
records,422300
recordstore,97100
recordofragnarok,224500
personalrecord,40300
restoration,830300
restorationproject,13500
restorationprojects,57300
restorations,13700
Science,6800000
scienceexperiments,237600
scienceexperiment,1100000
sciences,38300
_science,11900
sciencestudents,20300
sciencefacts,192300
sciencetiktok,223200
scienceclass,11200
scienceAtHome,27500
sciencemajor,10300
sciencestudent,15000
sciencejokes,47700
scienceProject,17100
earthscience,1100000
scienceTok,10300
sciencerevision,17300
sciencenews,13000
sciencehacks,16400
SFXMakeup,882600
sfxmakeupartist,67400
specialfxmakeup,10100
specialfxmakeup,10100
streetart,631200
streetartist,85900
streetculture,24000
streetwearculture,28500
strengthchallenge,22700
strength,3500000
strengths,11200
TrickShot,1700000
trickshots,284500
urbanexploration,136100
urbanexplorations,11000
urbanexploring,205400
